CS_Index,period,"West North Central
(SA)","New England

(SA)","East North Central
(SA)","Middle Atlantic
(SA)","Mountain

(SA)","New England

(SA)","Pacific

(SA)","South Atlantic
(SA)","West North Central
(SA)","West South Central
(SA)","USA

(SA)",Housing_Affordability_Index,Market Absorption Rate (%),Value,"Financial obligations ratio, seasonally adjusted","Consumer debt service ratio, seasonally adjusted","Debt service ratio, seasonally adjusted","Mortgage debt service ratio, seasonally adjusted"
100.589696698974,2000-January,151.57,127.99,150.48,118.85,165.07,127.99,122.51,133.79,151.57,139.65,137.42,126.0,67.0,4.0,16.532775,5.937883,11.503203,5.56532
101.692479314291,2000-February,152.74,127.91,149.71,118.42,165.48,127.91,121.47,134.19,152.74,139.5,137.26,126.6,78.0,4.1,16.659046,6.043632,11.659941,5.6163099999999995
102.783828812065,2000-March,153.15,129.86,151.06,119.62,166.34,129.86,123.09,134.77,153.15,140.74,138.32,125.1,88.0,4.0,16.659046,6.043632,11.659941,5.6163099999999995
103.996444254038,2000-April,154.52,131.19,151.77,120.61,166.87,131.19,123.86,135.89,154.52,141.43,139.26,124.1,78.0,3.8,16.659046,6.043632,11.659941,5.6163099999999995
105.25281840306299,2000-May,154.98,132.91,152.17,121.02,167.46,132.91,125.02,136.52,154.98,141.9,139.89,121.0,77.0,4.0,16.806757,6.177676,11.836625,5.65895
106.402523807612,2000-June,155.48,134.66,153.24,121.95,168.91,134.66,126.0,137.42,155.48,142.61,140.82,118.4,71.0,4.0,16.806757,6.177676,11.836625,5.65895
107.134019461609,2000-July,156.37,135.47,153.96,122.69,169.37,135.47,127.05,138.13,156.37,143.24,141.58,117.0,76.0,4.0,16.806757,6.177676,11.836625,5.65895
107.86143822743901,2000-August,157.05,136.35,154.33,123.28,169.8,136.35,128.29,138.48,157.05,143.67,142.12,119.3,73.0,4.1,17.057136,6.341257,12.063345,5.722087999999999
108.610140186362,2000-September,157.88,138.07,154.82,124.74,170.23,138.07,129.54,139.46,157.88,144.35,143.03,120.3,70.0,3.9,17.057136,6.341257,12.063345,5.722087999999999
109.486858891926,2000-October,158.82,139.77,155.19,125.29,171.37,139.77,131.03,140.04,158.82,144.89,143.81,124.6,71.0,3.9,17.057136,6.341257,12.063345,5.722087999999999
110.571707485592,2000-November,158.93,140.24,155.76,126.47,172.68,140.24,132.62,140.67,158.93,145.78,144.68,125.0,63.0,3.9,16.532775,5.937883,11.503203,5.56532
111.80087186938101,2000-December,159.7,142.22,156.71,127.37,173.26,142.22,133.76,142.04,159.7,145.67,145.52,126.4,65.0,3.9,16.532775,5.937883,11.503203,5.56532
113.05349773422199,2001-January,161.27,143.73,157.28,127.95,175.12,143.73,135.05,142.88,161.27,146.41,146.49,134.7,72.0,4.2,17.146411999999998,6.447072,12.16099,5.713918
114.126857881259,2001-February,161.69,145.62,157.98,129.27,176.18,145.62,136.58,143.25,161.69,147.73,147.47,135.2,85.0,4.2,17.419544000000002,6.594084,12.383873,5.789789
115.085195751287,2001-March,162.48,146.78,158.5,130.11,176.53,146.78,137.76,144.85,162.48,147.66,148.28,131.6,94.0,4.3,17.419544000000002,6.594084,12.383873,5.789789
115.840550928508,2001-April,164.26,147.96,159.25,130.77,176.85,147.96,138.7,145.56,164.26,148.59,149.11,132.3,84.0,4.4,17.419544000000002,6.594084,12.383873,5.789789
116.30074285312901,2001-May,164.58,150.08,159.8,131.8,178.26,150.08,139.55,146.05,164.58,148.5,149.81,128.6,80.0,4.3,17.298341,6.5603880000000006,12.323468,5.76308
116.899749967955,2001-June,165.25,151.0,160.32,133.11,178.88,151.0,140.18,146.82,165.25,149.16,150.5,122.9,79.0,4.5,17.298341,6.5603880000000006,12.323468,5.76308
117.49660114785499,2001-July,166.29,152.58,160.82,134.03,178.99,152.58,141.16,148.11,166.29,150.02,151.38,123.4,76.0,4.6,17.298341,6.5603880000000006,12.323468,5.76308
118.24522909662201,2001-August,166.55,154.75,161.34,135.53,179.75,154.75,142.14,148.89,166.55,149.62,152.1,124.7,74.0,4.9,17.701544000000002,6.712232000000001,12.622859,5.910627
119.027952923142,2001-September,167.59,155.31,162.05,136.44,179.56,155.31,143.55,149.27,167.59,150.73,152.88,129.7,66.0,5.0,17.701544000000002,6.712232000000001,12.622859,5.910627
119.694048519856,2001-October,168.7,156.49,163.08,137.3,180.54,156.49,144.25,150.54,168.7,151.12,153.82,134.8,66.0,5.3,17.701544000000002,6.712232000000001,12.622859,5.910627
120.274743532503,2001-November,168.55,157.45,163.19,138.77,181.83,157.45,144.96,150.93,168.55,151.06,154.29,134.9,67.0,5.5,17.146411999999998,6.447072,12.16099,5.713918
120.672264238783,2001-December,170.04,159.71,163.8,139.18,182.41,159.71,146.66,152.22,170.04,151.72,155.29,127.3,66.0,5.7,17.146411999999998,6.447072,12.16099,5.713918
121.360320819152,2002-January,170.54,161.21,164.64,140.54,183.14,161.21,148.15,153.13,170.54,151.66,156.19,129.1,66.0,5.7,17.40731,6.616855999999999,12.416701,5.7998449999999995
122.19082092305,2002-February,170.84,163.26,165.06,141.67,184.31,163.26,149.41,154.55,170.84,152.54,157.1,130.1,84.0,5.7,17.275861,6.5662139999999996,12.336371,5.770156
123.321470124759,2002-March,171.99,163.42,165.83,143.25,184.66,163.42,151.11,155.0,171.99,153.47,158.11,128.3,90.0,5.7,17.275861,6.5662139999999996,12.336371,5.770156
124.507760706156,2002-April,172.76,166.37,166.14,144.62,185.47,166.37,152.58,156.08,172.76,153.51,158.97,126.2,86.0,5.9,17.275861,6.5662139999999996,12.336371,5.770156
125.92446594751101,2002-May,173.44,167.85,166.7,146.33,186.0,167.85,154.81,157.15,173.44,154.11,160.05,125.4,88.0,5.8,17.304962,6.559252000000001,12.377253999999999,5.818003
127.38847361594999,2002-June,174.48,170.29,167.53,147.21,186.34,170.29,156.78,158.06,174.48,154.46,161.03,120.4,84.0,5.8,17.304962,6.559252000000001,12.377253999999999,5.818003
128.879586646824,2002-July,174.93,173.09,167.95,148.83,187.33,173.09,158.92,159.05,174.93,154.72,162.07,123.4,82.0,5.8,17.304962,6.559252000000001,12.377253999999999,5.818003
130.307277309221,2002-August,175.97,174.02,168.51,150.44,189.0,174.02,160.66,159.8,175.97,154.96,163.09,127.9,90.0,5.7,17.225365,6.502516,12.346926,5.844409
131.526921334076,2002-September,176.76,175.59,169.32,151.65,189.07,175.59,162.0,161.6,176.76,155.72,164.12,130.4,82.0,5.7,17.225365,6.502516,12.346926,5.844409
132.84663367872102,2002-October,177.51,177.43,169.69,153.18,190.83,177.43,164.35,162.47,177.51,156.24,165.26,131.9,77.0,5.7,17.225365,6.502516,12.346926,5.844409
134.096970036912,2002-November,178.3,179.39,170.99,154.03,191.36,179.39,165.5,163.49,178.3,156.67,166.2,131.4,73.0,5.9,17.40731,6.616855999999999,12.416701,5.7998449999999995
135.405266340119,2002-December,179.91,180.47,171.21,156.41,192.94,180.47,167.19,164.9,179.91,157.41,167.42,129.6,70.0,6.0,17.40731,6.616855999999999,12.416701,5.7998449999999995
136.466802057397,2003-January,180.82,182.34,172.42,157.29,193.54,182.34,169.54,165.42,180.82,158.02,168.44,135.8,76.0,5.8,17.1778,6.47561,12.345874,5.870264
137.452827180569,2003-February,181.25,183.1,172.66,159.25,194.27,183.1,171.26,166.97,181.25,158.28,169.52,137.1,82.0,5.9,17.05658,6.4393139999999995,12.286494,5.847180000000001
138.378810168233,2003-March,182.14,184.05,173.03,159.78,195.17,184.05,172.52,167.64,182.14,158.23,170.07,136.6,98.0,5.9,17.05658,6.4393139999999995,12.286494,5.847180000000001
139.250037320152,2003-April,182.3,186.44,173.69,161.27,196.25,186.44,174.73,168.68,182.3,158.5,171.13,136.1,91.0,6.0,17.05658,6.4393139999999995,12.286494,5.847180000000001
140.14698719367598,2003-May,182.89,186.95,174.44,162.78,196.85,186.95,176.14,169.85,182.89,159.09,172.06,135.0,101.0,6.1,16.821154999999997,6.356223,12.138471000000001,5.782248
140.919713035376,2003-June,183.81,188.58,174.81,163.5,197.74,188.58,177.29,171.15,183.81,159.12,172.86,132.0,107.0,6.3,16.821154999999997,6.356223,12.138471000000001,5.782248
142.11887769485202,2003-July,184.79,189.3,175.62,164.93,199.5,189.3,179.84,172.74,184.79,159.76,174.16,131.7,99.0,6.2,16.821154999999997,6.356223,12.138471000000001,5.782248
143.551841523116,2003-August,185.9,191.73,176.42,167.08,200.24,191.73,182.72,173.27,185.9,160.47,175.42,128.5,105.0,6.1,16.90107,6.371129,12.21467,5.843541
145.26127944447398,2003-September,186.97,194.73,177.0,168.97,202.44,194.73,185.16,174.63,186.97,161.33,176.86,127.0,90.0,6.1,16.90107,6.371129,12.21467,5.843541
146.990469091218,2003-October,187.44,196.13,177.87,169.68,203.32,196.13,188.69,175.96,187.44,160.97,177.92,129.2,88.0,6.0,16.90107,6.371129,12.21467,5.843541
148.822939630222,2003-November,189.01,198.56,178.59,171.19,204.45,198.56,191.51,177.64,189.01,161.59,179.27,130.4,76.0,5.8,17.1778,6.47561,12.345874,5.870264
150.758996442435,2003-December,189.06,200.83,179.63,173.54,206.76,200.83,194.51,178.86,189.06,162.57,180.8,127.4,75.0,5.7,17.1778,6.47561,12.345874,5.870264
152.62510699025896,2004-January,190.71,201.61,179.27,174.31,209.37,201.61,197.8,180.89,190.71,162.49,182.02,134.3,89.0,5.7,16.882206,6.363511,12.210135000000001,5.846623999999999
154.53652047276302,2004-February,191.31,202.92,180.81,177.02,210.0,202.92,199.36,181.88,191.31,163.37,183.35,132.3,102.0,5.6,16.778077,6.29376,12.132028,5.838269
156.918184819939,2004-March,192.02,203.78,181.17,177.15,211.65,203.78,203.49,183.8,192.02,164.55,184.64,135.0,123.0,5.8,16.778077,6.29376,12.132028,5.838269
159.35958453318898,2004-April,192.19,206.42,181.72,179.98,215.21,206.42,206.18,185.6,192.19,164.92,186.19,133.7,109.0,5.6,16.778077,6.29376,12.132028,5.838269
161.751120911238,2004-May,194.01,208.37,182.45,181.81,216.33,208.37,211.25,187.92,194.01,165.15,187.99,124.2,115.0,5.6,16.897298000000003,6.315073,12.244783,5.929711
164.305450969794,2004-June,194.54,211.01,183.22,183.78,219.97,211.01,216.05,189.65,194.54,166.05,189.9,116.1,105.0,5.6,16.897298000000003,6.315073,12.244783,5.929711
166.387185555542,2004-July,195.15,213.08,183.96,185.2,222.25,213.08,219.99,192.12,195.15,166.07,191.49,118.0,96.0,5.5,16.897298000000003,6.315073,12.244783,5.929711
168.071587413446,2004-August,196.23,214.6,184.56,186.34,223.68,214.6,222.84,194.21,196.23,166.76,192.83,121.7,102.0,5.4,16.846792999999998,6.237724,12.237217999999999,5.999495
169.65433092437002,2004-September,196.84,216.91,184.78,187.65,227.68,216.91,226.16,196.17,196.84,167.68,194.34,123.8,94.0,5.4,16.846792999999998,6.237724,12.237217999999999,5.999495
171.297042910077,2004-October,197.83,218.15,185.72,190.65,228.33,218.15,229.1,198.19,197.83,167.78,195.79,124.8,101.0,5.5,16.846792999999998,6.237724,12.237217999999999,5.999495
173.086939287604,2004-November,199.31,218.37,186.56,192.35,231.47,218.37,233.55,199.94,199.31,169.3,197.56,123.5,84.0,5.4,16.882206,6.363511,12.210135000000001,5.846623999999999
175.086155868844,2004-December,199.35,220.89,186.97,194.36,233.74,220.89,237.85,202.43,199.35,169.43,199.29,122.0,83.0,5.4,16.882206,6.363511,12.210135000000001,5.846623999999999
177.54612406266997,2005-January,200.03,222.53,187.82,195.72,236.59,222.53,239.97,205.06,200.03,170.38,200.77,125.8,92.0,5.3,17.258015,6.316694999999999,12.558832,6.2421370000000005
180.249458173457,2005-February,200.99,225.29,187.18,196.04,241.24,225.29,243.69,206.9,200.99,171.2,202.17,126.5,109.0,5.4,17.253729999999997,6.266733,12.560029,6.293295
183.18786409654098,2005-March,201.75,225.54,188.75,198.2,243.79,225.54,248.62,210.11,201.75,171.9,204.3,122.2,127.0,5.2,17.253729999999997,6.266733,12.560029,6.293295
185.514582356726,2005-April,203.51,227.12,189.49,200.18,248.22,227.12,252.27,211.96,203.51,172.58,206.03,114.4,116.0,5.2,17.253729999999997,6.266733,12.560029,6.293295
187.54965754535198,2005-May,203.82,229.58,189.53,200.56,252.2,229.58,256.77,214.87,203.82,173.55,207.69,114.4,120.0,5.1,17.316663000000002,6.199858,12.620985000000001,6.421126999999999
189.53032062497,2005-June,204.56,228.97,190.02,203.2,255.08,228.97,259.89,218.41,204.56,174.66,209.51,109.8,115.0,5.0,17.316663000000002,6.199858,12.620985000000001,6.421126999999999
191.37931770061797,2005-July,205.19,230.67,190.55,206.89,258.39,230.67,263.94,220.78,205.19,175.87,211.53,110.5,117.0,5.0,17.316663000000002,6.199858,12.620985000000001,6.421126999999999
193.367562500858,2005-August,205.86,231.22,190.72,207.78,262.68,231.22,268.42,223.59,205.86,176.07,213.11,108.3,110.0,4.9,17.263922,6.103464,12.591395,6.487932
195.620163009478,2005-September,206.65,233.34,192.16,209.89,266.88,233.34,272.7,225.54,206.65,177.52,215.14,110.3,99.0,5.0,17.263922,6.103464,12.591395,6.487932
197.88303170587105,2005-October,207.72,232.94,192.5,210.34,269.72,232.94,273.7,227.27,207.72,179.35,216.29,107.4,105.0,5.0,17.263922,6.103464,12.591395,6.487932
200.14835177600398,2005-November,208.43,233.96,192.7,212.17,272.43,233.96,274.84,230.07,208.43,180.18,217.71,107.0,86.0,5.0,17.258015,6.316694999999999,12.558832,6.2421370000000005
202.177305333203,2005-December,209.58,231.74,192.82,212.67,274.96,231.74,278.5,232.03,209.58,181.39,218.98,108.3,87.0,4.9,17.258015,6.316694999999999,12.558832,6.2421370000000005
203.771465229212,2006-January,210.58,233.45,193.35,214.45,277.43,233.45,279.28,234.43,210.58,182.75,220.46,110.2,89.0,4.7,17.248804999999997,6.085246,12.608604,6.523358
205.36299960764703,2006-February,210.73,233.95,193.25,213.97,279.55,233.95,281.35,234.07,210.73,184.0,220.9,111.8,88.0,4.8,17.365009,5.979412,12.683121,6.703709
206.146277532849,2006-March,211.17,233.43,193.12,215.69,281.7,233.43,281.52,235.95,211.17,184.31,221.73,109.5,108.0,4.7,17.365009,5.979412,12.683121,6.703709
206.655904103739,2006-April,211.29,232.64,194.08,216.19,281.52,232.64,281.55,236.74,211.29,184.4,222.14,106.5,100.0,4.7,17.365009,5.979412,12.683121,6.703709
206.509585706927,2006-May,211.71,232.91,193.77,216.46,283.95,232.91,281.92,237.11,211.71,186.37,222.79,103.0,102.0,4.6,17.524954,5.934518,12.787825999999999,6.853308
205.807434313017,2006-June,211.82,232.12,193.16,216.84,284.56,232.12,281.05,237.24,211.82,186.63,222.7,102.3,98.0,4.6,17.524954,5.934518,12.787825999999999,6.853308
204.93651474190705,2006-July,212.54,231.22,193.49,215.13,284.67,231.22,279.27,237.62,212.54,187.46,222.65,101.0,83.0,4.7,17.524954,5.934518,12.787825999999999,6.853308
204.111962886199,2006-August,212.97,230.54,193.1,216.81,285.84,230.54,279.38,238.79,212.97,188.56,223.28,104.7,88.0,4.7,17.665582999999998,5.919651999999999,12.869705,6.950053
203.585517316204,2006-September,212.56,229.21,193.05,216.36,286.39,229.21,277.96,238.92,212.56,189.61,223.22,108.4,80.0,4.5,17.665582999999998,5.919651999999999,12.869705,6.950053
203.549391980068,2006-October,212.38,228.78,192.71,216.9,289.1,228.78,276.04,240.29,212.38,190.4,223.52,110.1,74.0,4.4,17.665582999999998,5.919651999999999,12.869705,6.950053
203.652885754475,2006-November,213.78,229.14,191.98,217.13,290.75,229.14,276.91,241.23,213.78,191.62,224.14,113.0,71.0,4.5,17.248804999999997,6.085246,12.608604,6.523358
203.47530195479698,2006-December,212.16,228.39,192.88,216.32,291.23,228.39,276.5,241.6,212.16,192.1,224.3,112.1,71.0,4.4,17.248804999999997,6.085246,12.608604,6.523358
203.743068220267,2007-January,213.9,229.03,193.93,217.22,291.3,229.03,277.72,240.77,213.9,193.8,224.99,118.8,66.0,4.6,17.701171,5.904713,12.881422,6.976709
204.07108235383492,2007-February,215.6,227.82,192.87,216.97,290.22,227.82,274.55,243.04,215.6,194.57,225.07,117.0,68.0,4.5,17.824348999999998,5.935517,12.956667,7.02115
203.94828738290198,2007-March,215.51,229.15,192.95,218.73,293.35,229.15,279.75,242.17,215.51,195.07,226.1,116.4,80.0,4.4,17.824348999999998,5.935517,12.956667,7.02115
202.880769101211,2007-April,215.01,229.14,192.42,221.22,292.64,229.14,277.36,242.67,215.01,195.25,226.09,115.7,83.0,4.5,17.824348999999998,5.935517,12.956667,7.02115
201.03339552945096,2007-May,214.87,229.47,191.49,218.84,290.74,229.47,273.64,241.53,214.87,195.92,224.96,113.7,79.0,4.4,17.988772,5.975847,13.076777,7.10093
198.847374294492,2007-June,214.09,226.89,191.23,219.04,291.29,226.89,270.38,240.19,214.09,195.88,224.19,108.2,73.0,4.6,17.988772,5.975847,13.076777,7.10093
196.84456663630903,2007-July,214.52,226.51,189.65,218.43,290.66,226.51,267.56,237.91,214.52,196.58,223.13,107.1,68.0,4.7,17.988772,5.975847,13.076777,7.10093
194.89337151927398,2007-August,213.25,226.91,189.08,217.33,288.56,226.91,261.81,237.76,213.25,197.34,222.06,110.0,60.0,4.6,18.13287,6.008739,13.215389000000002,7.20665
193.124622773835,2007-September,214.65,224.59,187.88,217.18,286.68,224.59,258.42,236.7,214.65,197.49,221.2,120.0,53.0,4.7,18.13287,6.008739,13.215389000000002,7.20665
190.979182046726,2007-October,210.32,224.44,186.63,217.14,282.29,224.44,254.13,235.1,210.32,197.27,219.43,124.0,57.0,4.7,18.13287,6.008739,13.215389000000002,7.20665
187.90462484786,2007-November,211.83,222.96,185.89,216.47,281.49,222.96,248.83,232.12,211.83,197.11,218.0,125.0,45.0,4.7,17.701171,5.904713,12.881422,6.976709
185.09969258686402,2007-December,211.65,223.12,184.58,216.75,276.87,223.12,243.95,231.01,211.65,198.08,216.88,128.2,44.0,5.0,17.701171,5.904713,12.881422,6.976709
182.14041556578,2008-January,210.2,221.37,183.09,215.52,274.3,221.37,239.94,228.93,210.2,197.0,214.87,137.7,44.0,5.0,18.041762,5.9992,13.135627,7.136427
178.551418972528,2008-February,209.17,223.05,183.05,215.44,274.82,223.05,233.23,225.6,209.17,197.4,213.63,142.1,48.0,4.9,17.609219,5.845067,12.792063,6.946996
175.11508136796002,2008-March,209.57,219.17,182.28,214.52,271.8,219.17,226.09,224.65,209.57,196.2,211.79,137.5,49.0,5.1,17.609219,5.845067,12.792063,6.946996
172.442656391208,2008-April,208.44,217.6,180.45,212.95,266.76,217.6,221.2,220.93,208.44,196.17,209.45,137.1,49.0,5.0,17.609219,5.845067,12.792063,6.946996
169.56020891409,2008-May,206.57,215.42,178.72,212.81,264.32,215.42,216.09,216.19,206.57,195.96,207.09,132.5,49.0,5.4,17.811492,5.883005000000001,12.874892,6.991886999999999
167.177833594812,2008-June,206.12,214.7,178.32,210.73,260.65,214.7,212.85,214.55,206.12,196.97,205.83,126.1,45.0,5.6,17.811492,5.883005000000001,12.874892,6.991886999999999
164.399616721124,2008-July,205.37,213.28,177.1,210.14,256.32,213.28,208.41,212.01,205.37,196.54,203.94,125.7,43.0,5.8,17.811492,5.883005000000001,12.874892,6.991886999999999
162.116301218011,2008-August,205.09,211.76,176.15,208.91,252.72,211.76,204.33,208.94,205.09,194.81,201.9,129.7,38.0,6.1,17.870362,5.864502,12.824844,6.960342
159.11395565908,2008-September,203.35,210.31,173.35,209.82,250.66,210.31,200.81,205.26,203.35,197.21,200.19,142.3,35.0,6.1,17.870362,5.864502,12.824844,6.960342
156.295584078248,2008-October,203.32,210.95,173.17,206.36,243.02,210.95,197.83,203.96,203.32,194.73,198.38,145.2,32.0,6.5,17.870362,5.864502,12.824844,6.960342
153.658178390765,2008-November,199.6,207.57,170.19,206.0,239.83,207.57,193.3,198.3,199.6,192.01,194.96,148.8,27.0,6.8,18.041762,5.9992,13.135627,7.136427
150.727242380294,2008-December,201.58,207.47,170.3,203.42,239.95,207.47,192.19,195.46,201.58,193.18,194.3,162.9,26.0,7.3,18.041762,5.9992,13.135627,7.136427
147.716245668781,2009-January,203.32,210.08,173.73,203.95,240.66,210.08,189.66,200.6,203.32,193.92,196.11,176.1,24.0,7.8,17.925393,5.82282,12.754916,6.9320960000000005
145.61430535451998,2009-February,204.77,214.2,172.93,205.15,238.49,214.2,189.81,200.71,204.77,195.42,196.45,171.3,29.0,8.3,17.521656,5.628029,12.367512,6.739483
142.72227989200198,2009-March,201.2,209.53,171.35,204.78,231.73,209.53,187.61,196.61,201.2,194.56,193.99,168.5,31.0,8.7,17.521656,5.628029,12.367512,6.739483
141.560460928351,2009-April,201.8,210.4,169.67,203.52,231.2,210.4,185.6,195.46,201.8,193.61,192.92,177.6,32.0,9.0,17.521656,5.628029,12.367512,6.739483
140.84143884193702,2009-May,201.55,206.37,170.68,202.45,229.11,206.37,184.91,195.05,201.55,194.42,192.54,171.1,34.0,9.4,17.439486,5.565118,12.228451,6.663334
141.291104482572,2009-June,201.43,206.28,169.37,200.96,226.5,206.28,185.99,194.62,201.43,196.12,192.42,160.8,37.0,9.5,17.439486,5.565118,12.228451,6.663334
142.249363101725,2009-July,200.81,206.44,168.4,201.42,226.64,206.44,185.8,195.08,200.81,194.12,191.91,156.5,38.0,9.5,17.439486,5.565118,12.228451,6.663334
143.476346874836,2009-August,200.59,204.73,167.67,202.03,225.3,204.73,187.45,192.55,200.59,194.35,191.45,161.6,36.0,9.6,17.145699,5.414358,11.962224,6.547866
144.070595582506,2009-September,200.49,205.11,168.48,200.92,223.84,205.11,186.54,194.11,200.49,194.12,191.39,164.1,30.0,9.8,17.145699,5.414358,11.962224,6.547866
144.793958326313,2009-October,201.08,205.77,167.47,201.96,223.91,205.77,187.96,192.16,201.08,196.42,191.75,170.8,33.0,10.0,17.145699,5.414358,11.962224,6.547866
145.471956534513,2009-November,201.65,204.87,168.89,201.36,226.11,204.87,190.14,193.18,201.65,194.89,192.35,175.3,26.0,9.9,17.925393,5.82282,12.754916,6.9320960000000005
146.245601544011,2009-December,199.65,205.33,166.73,201.96,221.14,205.33,187.87,189.36,199.65,195.31,190.37,178.9,24.0,9.9,17.925393,5.82282,12.754916,6.9320960000000005
146.93099035096,2010-January,198.02,204.07,166.35,202.33,222.3,204.07,186.38,191.91,198.02,195.59,190.56,179.5,24.0,9.8,16.820664,5.303386,11.681003,6.377617
146.916596511401,2010-February,199.16,202.77,165.78,203.65,220.13,202.77,187.96,188.25,199.16,194.63,189.78,178.5,27.0,9.8,16.424145000000003,5.136389,11.34775,6.211361
146.234762557583,2010-March,199.26,203.82,165.82,201.65,219.93,203.82,187.8,188.98,199.26,194.11,189.63,173.8,36.0,9.9,16.424145000000003,5.136389,11.34775,6.211361
147.063002803647,2010-April,200.12,202.14,166.02,199.52,220.26,202.14,187.61,189.68,200.12,195.33,189.8,170.4,41.0,9.9,16.424145000000003,5.136389,11.34775,6.211361
147.269747215159,2010-May,201.18,203.44,166.01,200.36,217.97,203.44,188.67,187.75,201.18,197.11,189.87,168.7,26.0,9.6,16.220270000000003,5.02827,11.138346,6.110076
147.040507521411,2010-June,199.17,202.43,164.21,200.69,213.94,202.43,184.27,187.27,199.17,194.42,187.86,161.7,28.0,9.4,16.220270000000003,5.02827,11.138346,6.110076
146.403583552675,2010-July,195.15,201.82,163.39,199.41,212.71,201.82,183.56,184.74,195.15,194.29,186.58,164.4,26.0,9.4,16.220270000000003,5.02827,11.138346,6.110076
145.54109318499098,2010-August,196.96,203.16,163.93,198.26,212.31,203.16,182.37,184.29,196.96,194.41,186.49,171.8,23.0,9.5,16.079798999999998,5.025281,10.980219,5.954937999999999
144.55053028500402,2010-September,195.27,201.22,161.82,197.82,209.16,201.22,181.48,181.64,195.27,192.21,184.66,179.0,25.0,9.5,16.079798999999998,5.025281,10.980219,5.954937999999999
143.62256140781201,2010-October,194.63,201.93,164.15,199.33,209.91,201.93,179.38,182.15,194.63,191.89,184.98,181.4,23.0,9.4,16.079798999999998,5.025281,10.980219,5.954937999999999
143.277600297575,2010-November,193.83,200.88,163.12,198.42,206.95,200.88,179.23,181.55,193.83,191.93,184.34,183.8,20.0,9.8,16.820664,5.303386,11.681003,6.377617
142.963019845768,2010-December,193.55,199.6,160.9,197.0,205.66,199.6,178.22,180.83,193.55,190.55,182.85,179.1,23.0,9.3,16.820664,5.303386,11.681003,6.377617
142.58799289301,2011-January,191.75,201.71,160.55,195.73,206.36,201.71,175.48,178.65,191.75,191.42,182.1,189.7,21.0,9.1,15.872862,5.06118,10.77352,5.71234
142.05152679942802,2011-February,190.36,197.34,159.31,195.15,199.82,197.34,174.63,176.42,190.36,190.2,180.26,189.8,22.0,9.0,15.826896,5.044381,10.685898,5.6415169999999994
140.436581548952,2011-March,189.83,194.39,156.12,193.66,199.7,194.39,172.78,174.58,189.83,189.41,178.48,184.1,28.0,9.0,15.826896,5.044381,10.685898,5.6415169999999994
140.69474197739999,2011-April,189.18,199.0,156.6,195.54,197.51,199.0,172.06,174.5,189.18,190.51,178.82,184.4,30.0,9.1,15.826896,5.044381,10.685898,5.6415169999999994
140.427581146461,2011-May,189.51,196.36,157.1,192.76,197.83,196.36,170.68,174.71,189.51,190.36,178.39,176.5,28.0,9.0,15.736460000000001,5.0102150000000005,10.574411999999999,5.564197
140.359111892613,2011-June,190.53,196.97,158.23,193.59,197.75,196.97,170.15,175.08,190.53,192.44,179.03,172.4,28.0,9.1,15.736460000000001,5.0102150000000005,10.574411999999999,5.564197
140.318436255751,2011-July,191.95,195.82,159.68,194.06,199.12,195.82,170.87,174.82,191.95,190.36,179.5,178.0,27.0,9.0,15.736460000000001,5.0102150000000005,10.574411999999999,5.564197
140.04260274592698,2011-August,190.63,195.41,157.88,193.34,198.67,195.41,169.78,175.8,190.63,190.23,178.9,180.5,25.0,9.0,15.637462,5.013297000000001,10.451422,5.4381260000000005
139.414904319326,2011-September,192.1,196.79,158.49,193.19,201.26,196.79,170.6,178.47,192.1,191.22,180.04,191.0,24.0,9.0,15.637462,5.013297000000001,10.451422,5.4381260000000005
138.65212144174,2011-October,192.27,196.1,157.05,191.59,199.06,196.1,170.3,176.44,192.27,191.5,178.97,200.8,25.0,8.8,15.637462,5.013297000000001,10.451422,5.4381260000000005
137.934624024611,2011-November,193.37,195.88,159.6,190.69,200.07,195.88,170.59,176.36,193.37,193.55,179.85,196.7,23.0,8.6,15.872862,5.06118,10.77352,5.71234
137.365304819237,2011-December,189.74,196.52,158.69,190.72,203.22,196.52,170.32,178.33,189.74,194.02,180.32,200.2,24.0,8.5,15.872862,5.06118,10.77352,5.71234
137.14298545671102,2012-January,194.66,194.8,157.93,192.41,200.58,194.8,171.1,177.38,194.66,191.86,179.91,207.9,23.0,8.3,15.344467999999999,4.928205999999999,10.202264,5.274058
137.01723595344401,2012-February,192.76,195.14,158.2,190.54,203.18,195.14,171.31,177.58,192.76,193.8,180.18,210.0,30.0,8.3,15.209223000000001,4.9183639999999995,10.087789,5.169425
136.647413597237,2012-March,193.82,195.09,158.81,192.87,207.4,195.09,173.07,178.55,193.82,195.53,181.7,204.5,34.0,8.2,15.209223000000001,4.9183639999999995,10.087789,5.169425
137.889395802844,2012-April,193.27,194.65,159.88,192.2,209.36,194.65,174.85,181.0,193.27,196.49,182.72,192.3,34.0,8.2,15.209223000000001,4.9183639999999995,10.087789,5.169425
139.458379923468,2012-May,196.4,195.14,161.07,192.55,212.37,195.14,176.69,181.26,196.4,197.0,183.95,188.4,35.0,8.2,15.322242000000001,4.992118,10.150969,5.1588519999999995
141.01816221167,2012-June,195.98,195.95,161.25,192.75,216.79,195.95,178.21,181.6,195.98,197.53,184.64,181.5,34.0,8.2,15.322242000000001,4.992118,10.150969,5.1588519999999995
141.956200466348,2012-July,197.71,195.35,161.59,192.27,218.53,195.35,177.58,182.62,197.71,199.04,185.11,183.4,33.0,8.2,15.322242000000001,4.992118,10.150969,5.1588519999999995
142.917358248111,2012-August,197.31,196.63,162.1,192.53,218.73,196.63,182.31,183.65,197.31,199.4,186.19,190.8,31.0,8.1,14.898461,4.887206,9.839414,4.952208000000001
143.816953925505,2012-September,196.99,196.64,162.41,194.33,220.97,196.64,182.02,184.63,196.99,200.68,186.84,198.4,30.0,7.8,14.898461,4.887206,9.839414,4.952208000000001
144.79575782792298,2012-October,199.21,196.06,163.11,191.8,222.33,196.06,185.33,185.59,199.21,201.46,187.85,203.7,29.0,7.8,14.898461,4.887206,9.839414,4.952208000000001
145.799303015636,2012-November,199.76,198.42,162.49,193.93,225.36,198.42,187.93,185.57,199.76,203.1,188.82,203.0,28.0,7.7,15.344467999999999,4.928205999999999,10.202264,5.274058
147.099179548642,2012-December,200.18,199.79,163.19,194.34,226.5,199.79,190.25,186.87,200.18,202.18,189.76,204.4,28.0,7.9,15.344467999999999,4.928205999999999,10.202264,5.274058
148.324657868007,2013-January,201.57,198.98,164.43,193.98,228.66,198.98,193.75,188.7,201.57,204.66,191.26,175.1,32.0,8.0,15.459025,5.14639,10.199861,5.053471
149.598046678454,2013-February,201.62,200.59,165.36,195.49,230.38,200.59,194.71,190.38,201.62,205.35,192.46,209.8,36.0,7.7,15.361491000000001,5.158375,10.114192,4.955817
151.04414603254,2013-March,203.51,202.44,166.65,196.28,235.01,202.44,198.68,192.19,203.51,206.13,194.36,195.3,41.0,7.5,15.361491000000001,5.158375,10.114192,4.955817
153.881233456894,2013-April,202.99,201.4,167.89,197.03,237.91,201.4,201.71,192.29,202.99,207.5,195.43,187.0,43.0,7.6,15.361491000000001,5.158375,10.114192,4.955817
156.017242079509,2013-May,204.03,203.03,168.46,197.26,239.06,203.03,204.87,195.67,204.03,209.4,197.14,179.3,40.0,7.5,15.32954,5.178504,10.075181,4.8966769999999995
157.8321027922,2013-June,206.25,202.73,169.46,197.62,240.89,202.73,207.36,196.02,206.25,210.09,198.26,168.5,43.0,7.5,15.32954,5.178504,10.075181,4.8966769999999995
159.59351092244802,2013-July,206.33,204.59,170.65,198.81,242.65,204.59,210.95,198.02,206.33,209.53,199.47,160.7,33.0,7.3,15.32954,5.178504,10.075181,4.8966769999999995
161.447965873236,2013-August,207.13,205.15,171.0,198.12,244.26,205.15,212.55,198.37,207.13,210.45,200.06,158.0,31.0,7.2,15.366054,5.214294000000001,10.080622,4.866328
163.272645120912,2013-September,207.94,203.97,171.32,198.95,246.86,203.97,214.46,198.59,207.94,211.66,201.14,167.4,31.0,7.2,15.366054,5.214294000000001,10.080622,4.866328
164.792607508656,2013-October,207.64,204.59,171.29,199.54,250.12,204.59,215.67,199.49,207.64,212.36,201.67,168.7,36.0,7.2,15.366054,5.214294000000001,10.080622,4.866328
166.002848239766,2013-November,208.27,204.53,172.0,199.83,248.38,204.53,216.03,200.06,208.27,212.32,201.87,173.3,32.0,6.9,15.459025,5.14639,10.199861,5.053471
166.90193434731302,2013-December,208.36,203.66,172.87,198.09,250.25,203.66,217.16,201.45,208.36,215.52,202.81,170.6,31.0,6.7,15.459025,5.14639,10.199861,5.053471
167.839566556171,2014-January,210.62,205.6,173.74,199.64,252.02,205.6,218.4,201.83,210.62,216.35,203.85,175.7,33.0,6.6,15.242982999999999,5.209544,9.96999,4.760446
168.50797462966102,2014-February,211.05,204.38,173.93,198.85,254.62,204.38,221.07,203.34,211.05,216.69,204.81,176.7,35.0,6.7,15.216410999999999,5.232607,9.921707000000001,4.6891
169.389643355758,2014-March,211.77,208.76,174.1,199.46,253.32,208.76,221.99,204.15,211.77,218.31,205.48,172.3,39.0,6.7,15.216410999999999,5.232607,9.921707000000001,4.6891
169.958237384263,2014-April,212.93,206.08,175.62,200.69,254.39,206.08,222.96,204.18,212.93,218.19,206.13,168.6,39.0,6.2,15.216410999999999,5.232607,9.921707000000001,4.6891
170.244969899236,2014-May,211.98,208.88,175.19,201.11,255.45,208.88,223.69,204.98,211.98,218.66,206.5,161.2,43.0,6.3,15.213978,5.262815,9.884201,4.621386
170.530467202785,2014-June,212.97,208.98,175.75,201.74,257.18,208.98,225.68,206.16,212.97,219.25,207.52,155.2,38.0,6.1,15.213978,5.262815,9.884201,4.621386
170.61707513943702,2014-July,213.43,209.6,176.55,201.36,256.98,209.6,226.74,207.4,213.43,221.51,208.38,155.4,35.0,6.2,15.213978,5.262815,9.884201,4.621386
170.727411655129,2014-August,214.19,210.13,177.51,202.4,260.71,210.13,228.8,206.84,214.19,222.89,209.37,160.2,36.0,6.1,15.257201,5.307268,9.875394,4.568126
171.45717939341998,2014-September,215.03,209.99,178.01,201.58,259.84,209.99,228.48,207.59,215.03,223.14,209.51,168.3,37.0,5.9,15.257201,5.307268,9.875394,4.568126
172.388098724617,2014-October,215.9,209.9,179.24,202.21,262.07,209.9,230.78,209.12,215.9,224.49,210.85,168.6,38.0,5.7,15.257201,5.307268,9.875394,4.568126
173.164191541506,2014-November,216.93,210.15,179.08,202.84,263.73,210.15,231.48,210.73,216.93,225.71,211.77,171.9,31.0,5.8,15.242982999999999,5.209544,9.96999,4.760446
174.202409482991,2014-December,217.51,210.44,180.63,204.64,267.38,210.44,234.14,211.99,217.51,227.68,213.27,171.0,35.0,5.6,15.242982999999999,5.209544,9.96999,4.760446
175.03053543730599,2015-January,217.4,209.86,179.74,203.77,268.74,209.86,235.54,210.89,217.4,229.15,213.46,182.8,39.0,5.7,15.383229,5.370838,9.927788,4.55695
176.311923546211,2015-February,217.56,214.15,181.49,202.88,270.88,214.15,236.61,215.27,217.56,230.46,215.09,181.3,45.0,5.5,15.413588,5.426874,9.917763,4.490889
177.379574285904,2015-March,218.14,213.04,181.99,205.9,271.17,213.04,237.68,215.52,218.14,229.5,215.78,173.4,46.0,5.4,15.413588,5.426874,9.917763,4.490889
177.745371825982,2015-April,220.19,213.84,182.23,204.26,272.11,213.84,239.63,215.98,220.19,230.96,216.56,167.5,48.0,5.4,15.413588,5.426874,9.917763,4.490889
178.294522850319,2015-May,220.96,214.03,183.63,205.42,274.36,214.03,240.66,217.57,220.96,233.69,217.76,161.2,47.0,5.6,15.477978,5.488404,9.946691,4.458288
178.826829754854,2015-June,221.21,216.3,184.58,206.0,275.1,216.3,242.42,218.82,221.21,234.4,218.84,154.8,44.0,5.3,15.477978,5.488404,9.946691,4.458288
179.34181134224602,2015-July,221.8,215.66,184.35,207.35,280.61,215.66,243.99,219.67,221.8,235.16,219.77,154.5,43.0,5.2,15.477978,5.488404,9.946691,4.458288
179.579180300201,2015-August,224.13,215.86,183.63,207.27,280.15,215.86,245.04,220.27,224.13,236.66,220.24,160.0,41.0,5.1,15.526569,5.445859,9.928603,4.482744
180.87851943619802,2015-September,224.45,217.01,185.48,208.39,281.76,217.01,246.67,222.36,224.45,237.49,221.71,165.9,35.0,5.0,15.526569,5.445859,9.928603,4.482744
181.892354702837,2015-October,225.07,216.87,186.67,208.04,283.28,216.87,249.19,223.4,225.07,238.8,222.79,169.4,39.0,5.0,15.526569,5.445859,9.928603,4.482744
183.00257005956001,2015-November,225.95,218.36,187.28,207.98,287.8,218.36,252.23,224.91,225.95,239.08,224.14,169.9,36.0,5.1,15.383229,5.370838,9.927788,4.55695
183.85613341456403,2015-December,228.21,219.7,188.67,209.37,286.31,219.7,253.58,225.38,228.21,240.09,225.16,165.1,38.0,5.0,15.383229,5.370838,9.927788,4.55695
184.671856973107,2016-January,230.99,220.65,189.51,208.75,287.56,220.65,253.4,228.16,230.99,241.39,226.51,173.5,39.0,4.9,15.51498,5.435997,9.898403,4.462406
185.355023613804,2016-February,231.11,219.43,189.29,210.81,290.29,219.43,255.73,227.8,231.11,241.07,226.8,175.9,45.0,4.9,15.649689000000002,5.532303,10.000238000000001,4.467935
186.780497172633,2016-March,230.07,220.6,190.64,210.86,293.53,220.6,258.38,229.98,230.07,243.91,228.37,172.3,50.0,5.0,15.649689000000002,5.532303,10.000238000000001,4.467935
187.002369049523,2016-April,231.75,222.59,191.12,211.3,294.76,222.59,259.75,230.37,231.75,244.57,229.29,166.1,55.0,5.0,15.649689000000002,5.532303,10.000238000000001,4.467935
187.457575743483,2016-May,232.14,222.29,191.79,213.25,296.93,222.29,260.8,231.58,232.14,245.54,230.29,161.8,53.0,4.8,15.718325,5.613637000000001,10.072341999999999,4.458705
188.04395379621602,2016-June,232.45,222.81,193.06,213.87,298.52,222.81,261.2,233.67,232.45,247.39,231.46,155.8,50.0,4.9,15.718325,5.613637000000001,10.072341999999999,4.458705
188.648937282627,2016-July,235.21,223.34,193.71,214.32,299.47,223.34,263.16,234.93,235.21,248.84,232.72,160.6,54.0,4.8,15.718325,5.613637000000001,10.072341999999999,4.458705
188.88704106628003,2016-August,235.26,225.2,195.61,215.0,301.4,225.2,264.3,235.68,235.26,249.93,233.89,163.7,46.0,4.9,15.660994,5.655924,10.044246000000001,4.3883220000000005
190.28103043059104,2016-September,236.73,226.53,196.32,215.58,304.08,226.53,267.84,237.67,236.73,251.34,235.52,169.8,44.0,5.0,15.660994,5.655924,10.044246000000001,4.3883220000000005
191.214660514607,2016-October,237.83,228.3,197.16,216.42,307.77,228.3,268.88,239.34,237.83,252.52,236.79,171.1,46.0,4.9,15.660994,5.655924,10.044246000000001,4.3883220000000005
192.465854577366,2016-November,238.98,229.52,198.12,218.68,308.51,229.52,271.33,240.43,238.98,253.62,238.23,169.1,40.0,4.7,15.51498,5.435997,9.898403,4.462406
193.779973202243,2016-December,240.88,229.46,199.61,217.94,311.02,229.46,272.58,241.81,240.88,254.42,239.4,163.8,39.0,4.7,15.51498,5.435997,9.898403,4.462406
195.020530248766,2017-January,239.94,230.58,199.55,218.13,310.97,230.58,273.89,242.35,239.94,255.72,239.66,164.8,45.0,4.7,15.533528,5.634538,9.978798,4.34426
195.87963818404998,2017-February,241.63,232.81,201.17,220.36,315.52,232.81,275.98,243.61,241.63,257.7,241.72,164.0,51.0,4.7,15.533482999999999,5.656053,9.988513000000001,4.332461
197.62466579998198,2017-March,243.71,234.46,202.79,220.12,317.04,234.46,278.86,245.12,243.71,257.21,243.05,161.7,61.0,4.4,15.533482999999999,5.656053,9.988513000000001,4.332461
197.444841252162,2017-April,244.05,235.04,203.34,222.58,319.94,235.04,280.88,247.6,244.05,261.04,244.79,159.8,56.0,4.4,15.533482999999999,5.656053,9.988513000000001,4.332461
198.12661686107498,2017-May,246.03,234.83,203.85,222.28,321.29,234.83,283.41,248.2,246.03,262.83,245.77,157.2,57.0,4.4,15.509082000000001,5.656658999999999,9.975555,4.318896
198.725570828245,2017-June,246.91,236.1,203.7,222.63,323.12,236.1,285.36,248.63,246.91,262.79,246.48,147.8,56.0,4.3,15.509082000000001,5.656658999999999,9.975555,4.318896
199.76036652889096,2017-July,246.89,237.76,205.63,224.42,326.07,237.76,285.33,250.63,246.89,264.09,248.0,151.2,48.0,4.3,15.509082000000001,5.656658999999999,9.975555,4.318896
199.98458559308102,2017-August,248.12,238.27,206.62,226.09,327.75,238.27,289.51,253.06,248.12,265.9,249.88,153.9,45.0,4.4,15.468131,5.6644239999999995,9.951369999999999,4.2869459999999995
202.13316163329603,2017-September,249.77,239.14,207.73,227.44,330.85,239.14,291.34,253.21,249.77,267.41,251.02,160.1,50.0,4.2,15.468131,5.6644239999999995,9.951369999999999,4.2869459999999995
203.357326314045,2017-October,251.28,241.73,209.1,229.33,333.82,241.73,293.14,255.14,251.28,268.59,253.04,162.7,49.0,4.1,15.468131,5.6644239999999995,9.951369999999999,4.2869459999999995
204.695198008587,2017-November,252.72,241.93,210.33,229.14,338.1,241.93,295.43,256.82,252.72,270.97,254.29,161.0,50.0,4.2,15.533528,5.634538,9.978798,4.34426
205.896186820672,2017-December,252.91,243.64,212.23,229.93,340.05,243.64,297.05,258.57,252.91,272.15,255.8,161.2,45.0,4.1,15.533528,5.634538,9.978798,4.34426
207.31726376777303,2018-January,256.24,244.75,214.18,231.3,342.82,244.75,300.72,261.2,256.24,270.5,257.74,164.5,48.0,4.1,15.331045999999999,5.610941,9.861202,4.250261
208.785256759563,2018-February,257.28,247.83,214.99,232.46,345.68,247.83,304.07,263.23,257.28,276.73,260.09,161.5,54.0,4.1,15.327817000000001,5.593365,9.851405,4.258039
210.85794595266202,2018-March,258.77,245.87,215.27,236.38,348.32,245.87,303.95,264.04,258.77,274.79,260.67,152.5,66.0,4.0,15.327817000000001,5.593365,9.851405,4.258039
210.39437272627399,2018-April,259.45,247.85,217.38,234.77,349.88,247.85,305.2,265.45,259.45,274.55,261.59,147.3,61.0,3.9,15.327817000000001,5.593365,9.851405,4.258039
210.883718244763,2018-May,260.61,249.0,216.8,234.88,352.21,249.0,305.59,266.87,260.61,276.95,262.58,142.4,62.0,3.8,15.328742000000002,5.61841,9.857297,4.238887999999999
211.324396545175,2018-June,262.34,249.15,218.29,236.38,355.85,249.15,307.12,266.19,262.34,277.34,263.68,137.7,56.0,4.0,15.328742000000002,5.61841,9.857297,4.238887999999999
211.60752925747397,2018-July,263.45,249.07,219.36,237.51,355.49,249.07,308.82,269.05,263.45,277.73,264.87,140.3,52.0,3.9,15.328742000000002,5.61841,9.857297,4.238887999999999
211.112327786207,2018-August,264.27,250.86,220.21,236.87,358.27,250.86,310.76,270.93,264.27,279.34,266.18,142.3,47.0,3.8,15.325038000000001,5.633093,9.882049,4.2489550000000005
212.68155661947398,2018-September,264.03,251.75,221.81,237.78,362.62,251.75,308.92,271.75,264.03,280.25,266.95,147.5,46.0,3.7,15.325038000000001,5.633093,9.882049,4.2489550000000005
213.479024242584,2018-October,267.45,253.53,223.02,237.72,363.93,253.53,313.2,271.07,267.45,280.9,268.27,147.1,43.0,3.8,15.325038000000001,5.633093,9.882049,4.2489550000000005
213.94458433374402,2018-November,266.81,254.81,222.4,241.01,364.69,254.81,311.96,274.0,266.81,283.65,269.53,144.3,44.0,3.7,15.331045999999999,5.610941,9.861202,4.250261
214.311402320529,2018-December,268.06,257.16,223.57,242.25,366.27,257.16,313.61,274.84,268.06,283.08,270.47,147.4,38.0,3.9,15.331045999999999,5.610941,9.861202,4.250261
